{
   "files": [
      {
         "name": 1,
         "hash": "df717600e8d6463a02d42305768a63ba6c0068b712740c99418dd6efe27cdff5"
      },
      {
         "name": 2,
         "hash": "e93dde40d30da0db2e243ddf32bc7d4177f01fcd30182beca2d54189b5b7f228"
      },
      {
         "name": 3,
         "hash": "611de4998973d6d45d17e37961581c37fdb27c7842c4f8f33cd91fc88dfdde63"
      },
      {
         "name": 4,
         "hash": "8c1ad0a6a9b4217dbbdef1fb84cd0caddde83128e70e616e0f4874f65230f018"
      },
      {
         "name": 5,
         "hash": "d5e829cfa7fc2c9c04821bddb985a8f26b2b3fbe85e8d43fdc90d0c5cd3587a0"
      },
      {
         "name": 6,
         "hash": "16e689604ce85d96f6675f1da6da3b1e9888fc0585d64fceae12feacb2a5db0e"
      },
      {
         "name": 7,
         "hash": "67e6fc8b7c37383859fa9436e45aacff7bdb96705387e17acac6db1ea5e8c9ff"
      },
      {
         "name": 8,
         "hash": "e5ca683fb7fe61205f17de965a4affaf8e73ad6ce1808162d590c03fb0555909"
      },
      {
         "name": 9,
         "hash": "7021f8e2b5f51eeb0cf4fd3182cfd3faa0a68113425ebd132856f609e6fdcddd"
      },
      {
         "name": 10,
         "hash": "a5349e8ed8fedda0a52112bb827b11799f870f83f2f5bb24ee8da0c87280845b"
      },
      {
         "name": 11,
         "hash": "6bd447a2e5b8fa43e16a400a4d347b40a4c96f57e9d16f14d2d3f46ab62ec5b4"
      },
      {
         "name": 12,
         "hash": "c06732803bfd38d56893730c6cffc0d183022504b31e60f7fa32393789c2a36f"
      },
      {
         "name": 13,
         "hash": "31fa65ddcff6df112e5e99ed966230b5429856d8a8d2c6222baa869334ce3d12"
      },
      {
         "name": 14,
         "hash": "3adac4cb61bf3d21387afb448d44cad5b8d61289946ddb2bd03fe2623cf8cfba"
      },
      {
         "name": 15,
         "hash": "e7c43dc6ed941404f962a467be611553c84325955bc17b5b7e186bc1b73bc463"
      },
      {
         "name": 16,
         "hash": "c78755fe211f46e26516da060dec8172535567a2ace501c6cf9f987d9e4a0b1c"
      },
      {
         "name": 17,
         "hash": "ca3c85a3b80ada4da87838dacc4e04e45985758133da74e55051076701b06adf"
      },
      {
         "name": 18,
         "hash": "e9f5e74678543d0a85e9238c12ed3020a2ed7fe1105deb379b1b1ba3f3cdedec"
      },
      {
         "name": 19,
         "hash": "dd7108fd5c503578c1592c3ef9624285a1a82795f37c18e611f59d7965849fd5"
      },
      {
         "name": 20,
         "hash": "2359c6daf26a1a0093b10427d15db1c49435cfbcb016e62eabfb75e2f61df6d3"
      },
      {
         "name": 21,
         "hash": "274e5277412efac2736a8b20be10b912c9704ba07d897bd336d3cabc4f133ca7"
      },
      {
         "name": 22,
         "hash": "eeb6e50f89c1f0f167252a8185d3847164ffdf0e84a5f19593e502fb3d326cdc"
      },
      {
         "name": 23,
         "hash": "4b0b4fabfc493d635985cd79cc330d8cf1b0032a663136fed31efa6b70ba1e0b"
      },
      {
         "name": 24,
         "hash": "731801307f8bb25605d99924f89d6b2babf69e3470259c02e6667421881186cf"
      },
      {
         "name": 25,
         "hash": "07630402eba977500326fc38cec8c5f351c0758c997fd1f82abd4ddcaff5b842"
      },
      {
         "name": 26,
         "hash": "bdd94fe2c58cb65c1f25f578708ff73c4ae4187c68a25d54e056a957d5af68a8"
      },
      {
         "name": 27,
         "hash": "f0fdc96a20ada2010b6c58efd6dbe6b4ebaa760841e1b6e78fe6dd3a3937baec"
      },
      {
         "name": 28,
         "hash": "64391dd300511768d1e7028293897108336832d23ed9f25f28368cd3a7432dc7"
      },
      {
         "name": 29,
         "hash": "7059013bb0bf922c12e7f19b339a2c83c363f7247fc4f5067674293211647b95"
      },
      {
         "name": 30,
         "hash": "875f6abf332275a7be5b7b95bac46d085858c83f4fb8957ba999658d9cbaaccd"
      },
      {
         "name": 31,
         "hash": "cfcc4cc42f705e99deef80fe854859a96a94e8bbdd61ad6505d23558362d561f"
      },
      {
         "name": 32,
         "hash": "1fb8427a31ea9d6eda4ee407c1032d7d5b41958acc7c34eb14ff3f1b0d2f96f9"
      },
      {
         "name": 33,
         "hash": "b1783aae4a31adb5639718a1f2bf3ce0d1011c6383365c839948d32b027296fc"
      },
      {
         "name": 34,
         "hash": "dd5cad5c53f03f01efbbf4ec41b5c375b11bcacfd622cafeaa77b8e30bfe8e1c"
      },
      {
         "name": 35,
         "hash": "a26e4bf26fece0e11ce94311ace8702e8d7bfb0598a1e197541d9b64e2c82bf9"
      },
      {
         "name": 36,
         "hash": "aebde83d744616f05d1aeef6527db09e829c2b04869ecb09802e5ac5c7eba8fb"
      },
      {
         "name": 37,
         "hash": "c3cef12dba3e9a8756d33cd0e8df9bbf540982d682abee55587acd87c3e1482c"
      },
      {
         "name": 38,
         "hash": "cd5f6360bc2a249375cec75c1faa2a805484727c9f517ef68e1e592b96386c4f"
      },
      {
         "name": 39,
         "hash": "1b43582c9b6b13613a9538cce5c9794f07ad7a5fe938445f9f7bc5d23c56b912"
      },
      {
         "name": 40,
         "hash": "d679e42f574b26e84e121845fe60b036198eee033a6dc832a4be560edd1e80c7"
      },
      {
         "name": 41,
         "hash": "b2b8deb9c4b4f281aae2139362810ed34e662a8bb13a40e6bdc83e3545e82555"
      },
      {
         "name": 42,
         "hash": "34a46cfead04343bb2d1d5f653acf679c9a2159065d16faa72f59f6ba02a66a6"
      },
      {
         "name": 43,
         "hash": "1c841a47ff6fe1e6ac88c675fbf78d5bb8ffc9b5daec0b4a8ff4d14668047d51"
      },
      {
         "name": 44,
         "hash": "c52b4717600b7a14dd32a0e16aaffff96f141e00dd2b7091b3609f18e255f437"
      },
      {
         "name": 45,
         "hash": "743c3e1c919b671ac2a63aa357760e436646ffc060f39c7ccdb3bd92fce08cae"
      },
      {
         "name": 46,
         "hash": "8d3f3601510a24ba0e36e1920d3d322f6d7368020cdcc51f8bfa7ac60b8404a7"
      },
      {
         "name": 47,
         "hash": "1598f82e447f435235e25d1747106c72b428ccc61c6114ef66f4a3cc5026d1fe"
      },
      {
         "name": 48,
         "hash": "38d21ea8178c5353a57e5fecfbdd1ebc6fdfee2022be7b704f37b1325582e3de"
      },
      {
         "name": 49,
         "hash": "86fc4bf83ea1b6651b1280b096ddbb001726399f73fce8f02f526ff1c728d758"
      },
      {
         "name": 50,
         "hash": "c6ecacd23b2b9b3425aea5609b38538835838356d8bd6f0189c41a906999173d"
      },
      {
         "name": 51,
         "hash": "e3936879d9c9928ffb84e9653af8aeb0bca75ff5702da966c604363d000516b7"
      },
      {
         "name": 52,
         "hash": "5e99db2f3396450cafc00c82581a333e1ed67d3ac1cb02f8b0a909df7eac828f"
      },
      {
         "name": 53,
         "hash": "4066f664124149f5db7aa2cefd34b8b3ec20acd264521139ba45487a5d526227"
      },
      {
         "name": 54,
         "hash": "f143ecf686a234dad2c516e667881b0ae5873c3f27b1285b7b9c3aa76c9682cd"
      },
      {
         "name": 55,
         "hash": "356482fd842f5e49f4bec24474e31b17d7459c55d14b2733e2fa6d6cbabb5dff"
      },
      {
         "name": 56,
         "hash": "a8d0616b9e50bbdb0c2d72a4148c37cdb9472b7c250337d4e4e2b2d1a60d70c4"
      },
      {
         "name": 57,
         "hash": "f584918f3d4370e8c160fe5a122d0b3c68b4bca0b1fa564b5b652a827d8f7e25"
      },
      {
         "name": 58,
         "hash": "0238aff19cd068e9236e008e928bcf28598a52e97b9409f938418dd0f6d359ce"
      },
      {
         "name": 59,
         "hash": "350104923d39c60152621ab37225c2798b1f79d7206f848741ec1d981a8c3503"
      },
      {
         "name": 60,
         "hash": "df9e75fe69163dfb5684c3695c929502b9ccd8abbc4ee6f77d1c639fd86d8382"
      },
      {
         "name": 61,
         "hash": "47e3e45e51b8b4c7cc0aed7811a186c8d90a4cc0ec61aa82bb07cc350602624e"
      },
      {
         "name": 62,
         "hash": "dec23456040de6f18b3925b2545fad485c59dac32d79bf841e79756909c87541"
      },
      {
         "name": 63,
         "hash": "8e2e36d83c7f4e2ff87c343226b3eb29af50b20089a539fa34eed91fde536151"
      },
      {
         "name": 64,
         "hash": "406237b78db898970cf1801b0fa1a00a3dbd06ab95c3d3b9f72dd492b135dfc5"
      },
      {
         "name": 65,
         "hash": "bc85a370a7c95cff66af7dbee12341f421125bff911902170ae2614463ce66f4"
      },
      {
         "name": 66,
         "hash": "40294430b7e602ba3d7731cfb48de947ec3e02014dfae7284fd94ba0016a175f"
      },
      {
         "name": 67,
         "hash": "e5654779814b18a8b459f52770c0512d21413934b4d16b7e264cdd8dbe594363"
      },
      {
         "name": 68,
         "hash": "2756762cc569fa0fb8cebc50cee13336f4a4776a037af44482f70935bea7d063"
      },
      {
         "name": 69,
         "hash": "c5f63e757e8e66c91f5dcff28f68319ca2f34911838983deb7fa426df9e07e67"
      },
      {
         "name": 70,
         "hash": "94cbc47b8bd9c37d4a0a9fa2055a7b436fbe899cb4729fe1a0628514dbdd248a"
      },
      {
         "name": 71,
         "hash": "cbbb8e9c3296a9847666a9479cdde1cfaefc1e83da0433eca2887212b27748a6"
      },
      {
         "name": 72,
         "hash": "d5010285ec82ad02a5ed866b8d1df4d090bf03a5df18a1ad128d37c8aca9fd50"
      },
      {
         "name": 73,
         "hash": "b13ea7d292606e14b6c291f0e453eeaacf79fbeeb8cc9da2171c40be4feca813"
      },
      {
         "name": 74,
         "hash": "4ebc31b7fa1291dae4efead395e86b8cca30e4d836cd97071c1657d90df2f6a3"
      },
      {
         "name": 75,
         "hash": "667a5f8f64ab6a63eddadffad17da8fd88769003179357298af9319f9819daba"
      },
      {
         "name": 76,
         "hash": "71024bf0a3567580dcb4d10a552c579b196b2577dcb7c3d3bda41e8cb5aedb70"
      },
      {
         "name": 77,
         "hash": "ea8aa398158a76ea43d18758642369d8df77f40d4ff0ea4232df3f8e15faa2ca"
      },
      {
         "name": 78,
         "hash": "3f1a7a2fbe3fa1b7416403d03f210500634860e18f41fa39967ee004799c08d4"
      },
      {
         "name": 79,
         "hash": "7195443a50c095319b980289d5240d1eec699e6972d4c1769b4e43ce9ee0c5f8"
      },
      {
         "name": 80,
         "hash": "22645ac2c65b9f9649f18978ba8603ac93534e2b7c7cdfa3181c4d0ec1c17806"
      },
      {
         "name": 81,
         "hash": "60a47b496e5359e8fb81d79300bd7434c620ccccc22ee924a92ff2830c081a40"
      },
      {
         "name": 82,
         "hash": "c19086219f732a03824daded080fb0decf4fe1fd507eb0afed180106d191202e"
      },
      {
         "name": 83,
         "hash": "e5c090da9cd6ef2201c651ff6d5e56638c1223ce33712cb49841c36417e636ca"
      },
      {
         "name": 84,
         "hash": "42b8d9821f0ec05bbde355e101134ab47eb64984960e1cd5b0caeef005b4b34a"
      },
      {
         "name": 85,
         "hash": "2d3143b1ce2757988f3098275545dd06b90d3980b88dfa52a3295e84af61974d"
      },
      {
         "name": 86,
         "hash": "4787b87e2d96189fdc44141629a3eee247f453b85b7d05d9eb041f7e53ee9a5c"
      },
      {
         "name": 87,
         "hash": "834738a5c7b88bf90f61063d96cef47b01e99cfde006125964894f7a4b31cf6a"
      },
      {
         "name": 88,
         "hash": "b47a8be73e1ed89ca4b8be46ea4438cb0ac1e8691e842ae5b2ea8ae745c656af"
      },
      {
         "name": 89,
         "hash": "31d48a13d22570b1d34daa5af028b6f511b7b49d8cf72493dc21d6102b6ba702"
      },
      {
         "name": 90,
         "hash": "b707a608fabc51b149b7be2fd7bdeffef6f70ea17fedd4fab2b5fddca1a3b3d6"
      },
      {
         "name": 91,
         "hash": "0c6eee0f36fa326c3fd2e2192a06c39d4518f8dd3972e0f45a7c27c0839637d0"
      },
      {
         "name": 92,
         "hash": "436e24746d6f8665ab536e8c23d174d75a65038f903b404afb4828f8ed2d53ed"
      },
      {
         "name": 93,
         "hash": "c9712169a7257006ced9cf2dd9d3947259014e4fdff067b92f968e6091f7a539"
      },
      {
         "name": 94,
         "hash": "8a32986b5236179e2a195bf97e1615ab19a6509daf5227ed028d4c61ecf2d85f"
      },
      {
         "name": 95,
         "hash": "363128447b1072e33949b9170cb2cb650bb1f54b23e9b187613f1ad0c189621e"
      },
      {
         "name": 96,
         "hash": "49aae0e319338bff3a048b68709e1a9126a6c1e7900bba1fe6858b873603ec48"
      },
      {
         "name": 97,
         "hash": "fa4a54507527dd54621ddb0abfe481016aca78f36a7b956fe73bde07d5cdab79"
      },
      {
         "name": 98,
         "hash": "78fe8c21353db7f175490f0a1c7fe6719a4751dd9006e73ddaf1607aec8a36aa"
      },
      {
         "name": 99,
         "hash": "b5dd7bd54c5634043c57d29c116788f457796efa744b7d4029063a9e36ab54e6"
      },
      {
         "name": 100,
         "hash": "1f88a79a41e1b3c7e583668deaef4d86f75ee86a0b572b98bc233375951987a3"
      },
      {
         "name": 101,
         "hash": "6c362d353a70aba59b6a0f549a3a350764fef1a8692bcfd75c3216c53addf5a0"
      },
      {
         "name": 102,
         "hash": "65e5325b0902c34cdb229a0359a7dd24fca0125243131ba70f64f015fe63227b"
      },
      {
         "name": 103,
         "hash": "15ad1667b78a8b88b264a6805ad6e880ac84780175668932fdf83a40ffccd419"
      },
      {
         "name": 104,
         "hash": "77a50e789db24f3eefb0ff5790c363d467eeedef5a90c8184013fbf9c1daa265"
      },
      {
         "name": 105,
         "hash": "3aa957be331f5c1b5588f81990fa3c5c56336b62969547099b0837904966bc22"
      },
      {
         "name": 106,
         "hash": "4dcfcb074be19f9fc098e03dd110040ce27ad92a62c95fc835c05d1184c1d418"
      },
      {
         "name": 107,
         "hash": "2afae0a6983ce05bc676c7bb42c4e67f4852c607df2914e7810b55aa1b132cbd"
      },
      {
         "name": 108,
         "hash": "5f0f3f90762edf146aae07ebd65c29c5302a00c0dd553ffd88fbb3bae0c31f23"
      },
      {
         "name": 109,
         "hash": "19eb148196606b7aea43fd7445f7c9e994d16cb4a72b58ddf759e87920424338"
      },
      {
         "name": 110,
         "hash": "4d1e4e61c6f46783b93f512de4459ea88ac26d07c1205371fada09db5feb221c"
      },
      {
         "name": 111,
         "hash": "864d4ed303ff55e4d3969e07399bd346ab980f8f85be3757688f7cc4007524b7"
      },
      {
         "name": 112,
         "hash": "7441a16ca444592037aee3348986b3ed5055ee9e93c998bda3f995f3efbcabb1"
      },
      {
         "name": 113,
         "hash": "56246f75423f6b87d3b8e63c1e328469c4bc601e74d60e31e524af30aeb98334"
      },
      {
         "name": 114,
         "hash": "2d5fe7fc90dffe43028af8a43980b25fa25aa9e60e3053fd66207164cef78bbd"
      },
      {
         "name": 115,
         "hash": "63edc39a03b5d59ab02d92202346785c9aef6ddf37bd65953c2db74b27386ba8"
      },
      {
         "name": 116,
         "hash": "27ccb6e3b32dd03e1575266b7cc4c405cbfca6bf09ab93f0e6e5252274728a11"
      },
      {
         "name": 117,
         "hash": "e00d26aa9a31f72af897d0c122304b673d45a746ec14ec2446493394ec6bc5d2"
      },
      {
         "name": 118,
         "hash": "94081abc0fc273d287db3f15e0e29a54cc931d2ede2dbb11c09b60242e797623"
      },
      {
         "name": 119,
         "hash": "7fd38dd1f7d87329a28060cd87c38b70c02853b9b889835a439d7dfe8cbd47fc"
      },
      {
         "name": 120,
         "hash": "300e2c368cf323a99943969e8db4f823b369c17d30604ae716c6b0f87c2a0859"
      },
      {
         "name": 121,
         "hash": "6c93ed37fac23519e850ffea862feab459369c417a554517b4f4e7fc062d0007"
      },
      {
         "name": 122,
         "hash": "1f681cc250e6ff86af2c0b0f7b17da8a4f90f8ecf41e9e5f4d041e98cc67d003"
      },
      {
         "name": 123,
         "hash": "25b22093aa6040912f06b44b0be84c9cdda776cc47a926c377ca66bb177ed6de"
      },
      {
         "name": 124,
         "hash": "d291feabec607afe84be2bf3c0975d3c7c4c32c8fbf082e1181d5dc011d23390"
      },
      {
         "name": 125,
         "hash": "87cd0bdfa43c70b9167d776ed50afb811c7e52d19835457d5550c455d47e071f"
      },
      {
         "name": 126,
         "hash": "bfa5d968ed444a62254b9f553fe1552858f62a966fd64537802aaffcc263e471"
      },
      {
         "name": 127,
         "hash": "18b5e3c7501444ee3ac41093a377f130d5c40df96f1c541b2ef36d309a2cffd4"
      },
      {
         "name": 128,
         "hash": "04be2d793a6259af2a585087cc22b17ec1ebb4a10faad92dbdfae34f3ac4a15d"
      },
      {
         "name": 129,
         "hash": "cb244dbf48b94b41a307dfe416f149577d72b266a3c8459af33590bf217700fc"
      },
      {
         "name": 130,
         "hash": "dd9b93994dbdf304e75ab49a514bc69f4247c892712a6555e3d409dd550fcd81"
      },
      {
         "name": 131,
         "hash": "744ccebb2e803016bbf26f1f56ec28164ed6df37a0a69bef90cd9a0607b904cb"
      },
      {
         "name": 132,
         "hash": "481101257bc61323295c4500915bedc1d0a4f2838ae5e7ef16b58a45ce0e6ade"
      },
      {
         "name": 133,
         "hash": "f8416cdf485110f7bad5799688708942d1e4ae04321dd9fce76a2523e39c6612"
      },
      {
         "name": 134,
         "hash": "0304791ffd295523c8dcd73a6c03364db267ce8cfa00ca6243c9675c3431eca7"
      },
      {
         "name": 135,
         "hash": "325c0fd8f9361b6d10b7b6cd462cd7ce5aac2db9c92eaa12d92af3f2797cca7a"
      },
      {
         "name": 136,
         "hash": "3ac903956cf77ae9926c4a94a5b66357b11274383c3ae8f9d502420e7d1fe26e"
      },
      {
         "name": 137,
         "hash": "705289883f30e6616427f845a905707e8d7f45a1a9257be7b4a60299aefc95b6"
      },
      {
         "name": 138,
         "hash": "0475e8e1c2a824acd25e15dcff6253876ea37d190e37f50642a81ab965426db7"
      },
      {
         "name": 139,
         "hash": "d2db9261be316b8000ee3c5e8ef34d1379d68ec3b91e62d63a1c17f413b8a2a7"
      },
      {
         "name": 140,
         "hash": "a0a3efdc4760baf59e695478664afb26c2761aaa67cfeca01048f2ce947d0cb3"
      },
      {
         "name": 141,
         "hash": "22fe71bc7089b293a3fc53526d88f88ee4ef358348793ae4e5c5ff7ff8de096c"
      },
      {
         "name": 142,
         "hash": "65ca6a6d66e556b48c67baf53fc63a87db9e4adc73fb0ecd3ff4b5fd89237837"
      },
      {
         "name": 143,
         "hash": "df2431c7558ec5977cb18d30992d915e83914223d12a67e1c62bba881f591fec"
      },
      {
         "name": 144,
         "hash": "6527b3617a65908c725710f38bab18ab5bba1307c1e46bdcd5889b6abbd811cc"
      },
      {
         "name": 145,
         "hash": "fb1c90785197a8db162c7ddafa0d0718c763c362cc5920bf06b23b60414c3d02"
      },
      {
         "name": 146,
         "hash": "2c3b2b402156c9acd27955ab4b1c560df1c6b2ca06efb30b6de0e32f5ee2f7ab"
      },
      {
         "name": 147,
         "hash": "514df22260d79be50ffab21b305f50cc3bccad2dbf18faa25a1628debde5d3d8"
      },
      {
         "name": 148,
         "hash": "4c7152a861e5854dd1567d800400d56adb6344405b0d58419d3058ebd7aaa568"
      },
      {
         "name": 149,
         "hash": "5290874e9eaae0a397da439e00d777e4d9ac14bfdd0ee345b245698d80ff55ab"
      },
      {
         "name": 150,
         "hash": "b5a69448afff59936eaf59a510fb49dfaa817055ec554dc4ebc492f067b6ae8f"
      },
      {
         "name": 151,
         "hash": "3426f8754865f25b99d7c0d97b9e148016b314d11c0858773d7891e7b6049b8e"
      },
      {
         "name": 152,
         "hash": "cd4ddd760a5d369905881c7f70a3fc3e8a8d77e9ada52e68514ef78d590872f8"
      },
      {
         "name": 153,
         "hash": "c54183c15a36709f1d7056cf5c5b2f35bd1bb83d4219583ac0925a96e9a1f175"
      },
      {
         "name": 154,
         "hash": "b51472ff76f8efe7999360a925ae92ef6f5f05876e7180dfefb67aaaf36bf3db"
      },
      {
         "name": 155,
         "hash": "f9a804a50f8e954575f537ad4df7d5dda4de9a0751cedb34e3413df567d4b295"
      },
      {
         "name": 156,
         "hash": "01b9f84f47f7e22438581108247af1b4138ecbb335d510f42c222e8df4bb596e"
      },
      {
         "name": 157,
         "hash": "434bde36a03558e736e4f4a4a990f43d714b5c1710f2ada06b7ce8b4747af4eb"
      },
      {
         "name": 158,
         "hash": "3e9f809297a601b8aafbba5292fccf2da32c6109d16cc6a58bce812c16be3fec"
      },
      {
         "name": 159,
         "hash": "ad8bec4fde08c8528df5533c609108d7291805cc5f433a38bcd942f26114b53b"
      },
      {
         "name": 160,
         "hash": "07d25d94891f2dbb27df9162944ec25a6af21c573d51afed6bb7067d5bb2988e"
      },
      {
         "name": 161,
         "hash": "2cc78e6ffde40946e3d753154c5791847c4e7e5b0fad46db923d1cda9f50e907"
      },
      {
         "name": 162,
         "hash": "b1a374cf2af46990eda0f3bb93c7b5ae31614108bde14c7c7b21fbdf04615db1"
      },
      {
         "name": 163,
         "hash": "3166a1b90456f9642c570537595d0acae42d64e4452a23ae824c342b35879023"
      },
      {
         "name": 164,
         "hash": "ed339ef03d4ade5d2738e3ba9c950f3296061233695b4fb589361fee9e27e251"
      },
      {
         "name": 165,
         "hash": "c683563e837df203706694ebe29edf29d0b09420a9447495248e834c0672b395"
      },
      {
         "name": 166,
         "hash": "8634596e52ac88cf9cd2efd916b3f4a87ca50368c02fe2435cbab523e9758f95"
      },
      {
         "name": 167,
         "hash": "ec257920be698b01cd2b1825fc1d08b202465987aa2f0e6a04d5fcde2513dd37"
      },
      {
         "name": 168,
         "hash": "15344c5bdf73194a212c74f692037fe93fdbeed56c09ca81562936af0e8c68ca"
      },
      {
         "name": 169,
         "hash": "0371ce3cbb3d243fa93484ca266ff7a7352cd74bc2366f07d928b85ac5e07c15"
      },
      {
         "name": 170,
         "hash": "679ade3be40b72c36c0f58acc2ccb48dd7d709d71207d2e3c5745346e363b698"
      },
      {
         "name": 171,
         "hash": "e18d845a0d1bcd4208dc548b138d08081b4fc49127f38173d66d52e7681ac8cb"
      },
      {
         "name": 172,
         "hash": "525ae0b63e0328fa64ce3b343687bd8e9ae9bf042d4234be28b8187a1ce2d852"
      },
      {
         "name": 173,
         "hash": "203e446e4ff11a348a19ceda272354d77ae3402d0c6de1df528ddc0acabc26de"
      },
      {
         "name": 174,
         "hash": "e2a31660f4b2fa0b9e9e593d34a0534dbe6323f60a2eef3b2e3c4e1f3ae05de6"
      },
      {
         "name": 175,
         "hash": "f634d378608af49f2b92562951d72938b5838781213e03089a3c76cc75e222f0"
      },
      {
         "name": 176,
         "hash": "e3d5951afe9c6b54d56d170bfd87078a10d7884826d87bcb36a2ccf75f11e9be"
      },
      {
         "name": 177,
         "hash": "136b6393cde3304f8b4690a152631f502382b6ee656a3fb43d22d0fea248415a"
      },
      {
         "name": 178,
         "hash": "d853c8687e309060690d941c899ac9e7b32c0699728c187ddf1cb2fe94341a5b"
      },
      {
         "name": 179,
         "hash": "d9996e91628f1348f6021d423b63c2a13c08f0f2d63663c8983378caaf69b4d0"
      },
      {
         "name": 180,
         "hash": "fbbcbc9bd0adb7798d90f209e0428e22e40232f1e363c60ecfcf0094e8aa2cea"
      },
      {
         "name": 181,
         "hash": "2389514e09339a556ea99eb8a86ba39900346edf764864424398f37aed4f6edf"
      },
      {
         "name": 182,
         "hash": "78ee2cd6b467358519709ec6916757d748a23fd2c2ae617bbfe4c2fe389e0c06"
      },
      {
         "name": 183,
         "hash": "95ab6eda57caa012fccb22aa6378ffef4e5d72c5728e1712c6716cd664416443"
      },
      {
         "name": 184,
         "hash": "651f087dbd924718fb9b8300c422441adea3bdded47012a04842916b7b79d119"
      },
      {
         "name": 185,
         "hash": "a5a9b57f1af73f5c29310d7f9b2dfea797fcb5d6f8a4b5632bcdc25eb7456059"
      },
      {
         "name": 186,
         "hash": "1f733e27b71c90fb418b230c29e7502d8ed497d0c8f6aa9faf412f12da49c667"
      },
      {
         "name": 187,
         "hash": "9cc6e58baac3761af0c732d667cfaa05547e5eeda4c87ae44d2bf5391d866895"
      },
      {
         "name": 188,
         "hash": "751bc0ea5928801e8c653c9d3ded759aa48deb47498f856c4666d1f8005920ae"
      },
      {
         "name": 189,
         "hash": "12070849291b8348add33f1d37f427e03ac6e39b4875aa903ee42152c6ad865e"
      },
      {
         "name": 190,
         "hash": "9bf8b855ac922ef433ae80a4b889f0d9446f4203b60501d018c6c1e0255f7bd8"
      },
      {
         "name": 191,
         "hash": "d1171e3828f436711765abd8d203a2988efebcc9334985ce61805638d32912b1"
      },
      {
         "name": 192,
         "hash": "120662c92ff57e59865b7c78d4102ea77595b6f1c9cb8b144cec35631fc9280b"
      },
      {
         "name": 193,
         "hash": "afc96443d41f968603d4c33966f0d7cd27f7ebd82edbbef311da1c592fc36417"
      },
      {
         "name": 194,
         "hash": "4c12c8045a7af5cca90a98a642d9e85b32f36590a637d6d81510e0008544c65c"
      },
      {
         "name": 195,
         "hash": "d195da0ba1d8b46b476765f8ef3d4fba5c30cc5dafc6b9f48a19ac25e0a226b4"
      },
      {
         "name": 196,
         "hash": "9651fbc445fb2169565908ef2b59615f50e989de65e9e3c5a2cde47c514b824e"
      },
      {
         "name": 197,
         "hash": "c36e9f288118c14fcb2ee2033cb558add169b1fe4675c8b5601009edfef272a3"
      },
      {
         "name": 198,
         "hash": "ebcafcce52fbc6405a6e6eb5fa3ca60b5f19d87b6c95445f075d217aedbb8701"
      },
      {
         "name": 199,
         "hash": "d4c8ae0435a06b690d6aa16073256a7645aa6134601c4de806db3a75c0812b9d"
      },
      {
         "name": 200,
         "hash": "2e36bf6938e49c1f3a1e9bdf032691b487de4174a09ae55aa268e03855d65e49"
      },
      {
         "name": 201,
         "hash": "0a3f1a837e25f145bf4c545a4767440d1bf24a6334ed328165741bef0b96d5dd"
      },
      {
         "name": 202,
         "hash": "7d03f8ffe9f539910d90b044794fdfd5f4ac0f7abd4ae0ba96ec4cc19ef51992"
      },
      {
         "name": 203,
         "hash": "bb5cc679e6504bbfd4b7af2a52ff2447f2da2d391ab384112e974a9a47f933fb"
      },
      {
         "name": 204,
         "hash": "9a7e280fc57a8d9b8d91e7111f5b4355925c2313c900da066494db6b11fec6f1"
      },
      {
         "name": 205,
         "hash": "eb88b5b5921d08b16274250346df6892b1326e7ecc6c98e0dc4855a622f45206"
      },
      {
         "name": 206,
         "hash": "e3936879d9c9928ffb84e9653af8aeb0bca75ff5702da966c604363d000516b7"
      },
      {
         "name": 207,
         "hash": "5e99db2f3396450cafc00c82581a333e1ed67d3ac1cb02f8b0a909df7eac828f"
      },
      {
         "name": 208,
         "hash": "4066f664124149f5db7aa2cefd34b8b3ec20acd264521139ba45487a5d526227"
      },
      {
         "name": 209,
         "hash": "f143ecf686a234dad2c516e667881b0ae5873c3f27b1285b7b9c3aa76c9682cd"
      },
      {
         "name": 210,
         "hash": "356482fd842f5e49f4bec24474e31b17d7459c55d14b2733e2fa6d6cbabb5dff"
      },
      {
         "name": 211,
         "hash": "a632c876870f06eff4737d1a76ba2d9bab6f8321e03743e70ddd34d64cebb845"
      },
      {
         "name": 212,
         "hash": "3f167d73774fa217d1892d217f0b7850ceceff97db168cdeb00cb417d97febf0"
      },
      {
         "name": 213,
         "hash": "e859b02b9e5d7e04999b73557bc86dc23829b424dc1539abb61e276de0467a92"
      },
      {
         "name": 214,
         "hash": "65fb5dab1ceb4f71b43a4a419c4a9a1c9e7651e68482bb2711d04b7c9bdc1142"
      },
      {
         "name": 215,
         "hash": "b0f0fd8a6baeca0c67d45b164ea283349a729212d0f89174ff24b11d090598a9"
      },
      {
         "name": 216,
         "hash": "c307ead9f83775e3b3bfe261562ba4b0ddc03bc2f4ce2c4fed059c74f1762798"
      },
      {
         "name": 217,
         "hash": "1fa064a6227f5929c2bafcfd7a882eb38adc374466ea5fe6ccd012febcfdb542"
      },
      {
         "name": 218,
         "hash": "ccfa89e0414e2f7ce81f61b452d33ab3217b49bf42d4c3718f4e7e5bb15f7830"
      },
      {
         "name": 219,
         "hash": "5ec3f34693655b9ed0a4426b639acad512e6e0e0a060d3a865607fae0a25a207"
      },
      {
         "name": 220,
         "hash": "6aedb004231e76f7aa2746c32a2db78a0acae186c58ae305651cd653be415f36"
      },
      {
         "name": 221,
         "hash": "274e5277412efac2736a8b20be10b912c9704ba07d897bd336d3cabc4f133ca7"
      },
      {
         "name": 222,
         "hash": "eeb6e50f89c1f0f167252a8185d3847164ffdf0e84a5f19593e502fb3d326cdc"
      },
      {
         "name": 223,
         "hash": "4b0b4fabfc493d635985cd79cc330d8cf1b0032a663136fed31efa6b70ba1e0b"
      },
      {
         "name": 224,
         "hash": "731801307f8bb25605d99924f89d6b2babf69e3470259c02e6667421881186cf"
      },
      {
         "name": 225,
         "hash": "07630402eba977500326fc38cec8c5f351c0758c997fd1f82abd4ddcaff5b842"
      },
      {
         "name": 226,
         "hash": "ee45bcac22108f68338d6ce3a7097dc5e0ea3a3d1a9a40723aca9a86dfc431ea"
      },
      {
         "name": 227,
         "hash": "9402ebff4061a95b3b05751c9bfbb15cdda35c49628213ddd41bd820adec21a0"
      },
      {
         "name": 228,
         "hash": "6c7a0666185cad354e584e1af4f5c1192eb608e7105b0fdadf62a1b2616f3309"
      },
      {
         "name": 229,
         "hash": "0ddfa682110c65d13503a811ccb74808a2f22f6b2f7884b234fe3bec57a5fe7a"
      },
      {
         "name": 230,
         "hash": "4d54ae828845a23e859b7b3a7bf0196cb1d39d11bc749805476935fc539b007f"
      },
      {
         "name": 231,
         "hash": "ffe64477d77b8f8cee4927f52b68696e95eec3b069e57012e608b6680f2861ed"
      },
      {
         "name": 232,
         "hash": "8a84f500eed1aaa10b9b1518f5fdb19f725429f0e74d3461d40217d3a607c2bc"
      },
      {
         "name": 233,
         "hash": "ecc1279c456c512a2d5a7734c794479ceba12853dd4eae58b4d54eaaeaf7b58d"
      },
      {
         "name": 234,
         "hash": "44d5ae72f98db1698b51d12144fb350586893c7ae69820cb7dac12a533fa38e2"
      },
      {
         "name": 235,
         "hash": "a9dcac248bf66c220c0a16bbfac715414f2eff96a50b0be86361e49a89fa7256"
      },
      {
         "name": 236,
         "hash": "27c75f1002d1227cd16cfabd07418ebab31422a65b7b7ed5f3b75792a22f9663"
      },
      {
         "name": 237,
         "hash": "899da01623724754a8b851eda4a5c41241a71477ee3cbd1eb0efa74e46f35467"
      },
      {
         "name": 238,
         "hash": "49bc28dd3d61e328c41d883100692a3ffc5fd4313d3d63211e06b53c904f44db"
      },
      {
         "name": 239,
         "hash": "c18fadb282a10576c8cab9f63c7e91a1e662f5b7150d40734b91b687bc511b70"
      },
      {
         "name": 240,
         "hash": "2f0463337ac6e2473095a0157ebb8453e36ad7f2c06c1eb7b7c404f50ff9e508"
      },
      {
         "name": 241,
         "hash": "300fc9d43b25f75d233802368a31f70c2e03b2464dbe16935c421bf48235e37e"
      },
      {
         "name": 242,
         "hash": "e8d4f0e70eb0ed35c6bdbb624b4fe08b85162e771bba5be2cb6ddaf317301ba8"
      },
      {
         "name": 243,
         "hash": "35ea82bbd91d52926ebd36ff55e3bc07a3ab637de67b6df41747472d799b7080"
      },
      {
         "name": 244,
         "hash": "5db7a0da238ebfe9daaeeb3cffe3613eacee3dd74728d41465d3530592648bf0"
      },
      {
         "name": 245,
         "hash": "8fd335fe3ee810f82c58dc8d1104cab6aeb58908e2d2088195e93a8b19fe8ab1"
      },
      {
         "name": 246,
         "hash": "afe2081434a41cb371de812a21865200e201c7a5698cd56a1edd5151c32abdbd"
      },
      {
         "name": 247,
         "hash": "117543a6004c87f1ecde52c81b7ef2d87e672bba4a759fa628f360cf63adb5d1"
      },
      {
         "name": 248,
         "hash": "3606733804b04cdf57b24bbb390f5a205412fa49fe88f5beb05f11f5ce4c049f"
      },
      {
         "name": 249,
         "hash": "87786a896bc702b21de1240b73756a52aac73cc3172ff11d09144a61244b989e"
      },
      {
         "name": 250,
         "hash": "f69162be887871276302c042e14d86155b7059a44a1aa94392f16844d010f55f"
      },
      {
         "name": 251,
         "hash": "13ec4266c16574655cf6a1519a3c8d97666c627b7bc53eaddd181721ef2ad356"
      },
      {
         "name": 252,
         "hash": "6da5efa08c352fa1e0aa02f74a89e06bf694935d34e337dd152599a1ae5a2cd5"
      },
      {
         "name": 253,
         "hash": "4a5ab395e21ff4614127ec77caccfbcffe9bb7c1ffafc020a5267a2afcf3b9ce"
      },
      {
         "name": 254,
         "hash": "3e4c2ce70bb9bfcfa9041980d8bb969df9564c5ba836a91f9e3ce857c1af6c78"
      },
      {
         "name": 255,
         "hash": "b1261df1171f9f84fb13876fd2bcafc94d492cb94b230d6119676c7df3010c72"
      },
      {
         "name": 256,
         "hash": "45947b06f70d4385c142e49768d1f62a69c968a5de83b0aa2e45559e9f401a1d"
      },
      {
         "name": 257,
         "hash": "5ffb22c6817a146bfc0579bb2612dc080cd708ed42705401fea8c4e6bb174f12"
      },
      {
         "name": 258,
         "hash": "fd7a6e3a46dc20b745ab6e67324632889ea1c73cdc4431082efe2f8ce2d39efd"
      },
      {
         "name": 259,
         "hash": "13a2df992728a77cc54321a344a7056f19b32149810e65bd266fe8913f90995a"
      },
      {
         "name": 260,
         "hash": "1a5848f479e6d5dbdab009f6e0fcae084f7ab45650bb88f9465522754ba3f53b"
      },
      {
         "name": 261,
         "hash": "c4d02e19295a7289bbbb2b79ddcccaf9bf46eaf1a392dcadd5c6cf168ffbda47"
      },
      {
         "name": 262,
         "hash": "8e93dfc621af573626e6f2668e21b335c3b394bcfe7aafc04fa99c78d99e3d9e"
      },
      {
         "name": 263,
         "hash": "3e89035d3bba3216f6543dfc38b5b6144606af950e790d3dc035a5ff931547d4"
      },
      {
         "name": 264,
         "hash": "f271984c5893ae911bbd3db041acee8587a6127cd4557677f51bfd2ad1c25ece"
      },
      {
         "name": 265,
         "hash": "587d4699696ce073034ab02f0c7d6752c3a3b3c83074335f7e7c4c8ec198c742"
      },
      {
         "name": 266,
         "hash": "c0624b14d03d295f4f61d41a04125a066e97176915a72f1087dd258b8039d934"
      },
      {
         "name": 267,
         "hash": "38e3f9f9a98eb3a5b0409a5923f4dedbb9491f91da8812dd9702abad9d1a9bc5"
      },
      {
         "name": 268,
         "hash": "11f21d423c448409fb8f6f097760c58b71d45cbb676f9f00efb7cd69d90afdaa"
      },
      {
         "name": 269,
         "hash": "113dca525f9d5b46344ee0c34c7348386bd5563bfb6839b75b2e7682786164c2"
      },
      {
         "name": 270,
         "hash": "f640a3f48bacd58710cd07b90aab58b3d6ba94b1deec42f2e5fd9cfeeccfe8c7"
      },
      {
         "name": 271,
         "hash": "d8313b4f35918dbd2e760d080ddedee90d157fd07a7378991afda699abfa52b8"
      },
      {
         "name": 272,
         "hash": "7e970317a4ae0324460fb2266442a4f5f02eacf0e36c27118a9f98eb7bf9d41e"
      },
      {
         "name": 273,
         "hash": "c30b4924f0b7d5ac85ab8fcbb613f569ca5e41ea538e47c56f5c1a4ba0805077"
      },
      {
         "name": 274,
         "hash": "8f958c615c9f2682553251fcea21f707074e96a9713afe6cc00776b0745d1321"
      },
      {
         "name": 275,
         "hash": "5a40487f8b693cf6358c99091a877551f03336c1decaf45ce1b84b1d713ce2cb"
      },
      {
         "name": 276,
         "hash": "4e0d139a8eff7edb3969a417b3a2bd2d74ba622966f843e514dbba91e6d27d0a"
      },
      {
         "name": 277,
         "hash": "eee6bc8c4eb4c7f0e1d3cbbe9779897ed4fecbbe36d6da2e20508130b518a87f"
      },
      {
         "name": 278,
         "hash": "cf2cab6d25e7520a981f79d36e43f85f5bb57d13de65bcdecf958c94ba8db162"
      },
      {
         "name": 279,
         "hash": "a303d01303af1879e1ff736746879b9b1a893492b380119028006cd165ca15b1"
      },
      {
         "name": 280,
         "hash": "41ba9385cdfde0f9213de7d829f8d2950ec6e2d8da6c74f16d8e18896fd2e872"
      },
      {
         "name": 281,
         "hash": "d77b442d597075745366fee1555380d986cd453bd8558f363a56cbc12ac0bb04"
      },
      {
         "name": 282,
         "hash": "ac33bf654a85888bd1b2cc30cdd3d08ddc1009805d15cef7ac6aec58d7661ddd"
      },
      {
         "name": 283,
         "hash": "e45d8acea09b36c605b8668b2f482ea58be92b40dfb1be99f3203955ff79f102"
      },
      {
         "name": 284,
         "hash": "50ba2c04074451dfa947203e81351aca65dcfde5ec6cb755f790ed45bfcf2d5e"
      },
      {
         "name": 285,
         "hash": "d0ac5a24cbb6b4d13d1c3477d721f586fb2ee9944be6dc38b43913d460b5e2dc"
      },
      {
         "name": 286,
         "hash": "f1a598cdb36b5cbf3efd7e26d05f673694fd3bc6bea0f720939daaf3340e7aee"
      },
      {
         "name": 287,
         "hash": "bf2d49182aa7a5ff9b959e5a3ca592e738406856618a14897f35470c6a2f6f6d"
      },
      {
         "name": 288,
         "hash": "ae82c55e61ad6b8970bfeff93ff554b80afe022a6f94896f91911ad8b247071d"
      },
      {
         "name": 289,
         "hash": "339e0538780a4f916015088b701040cf0482bcccd63ad0eb61812d2101624f5b"
      },
      {
         "name": 290,
         "hash": "c860e19d852eb1de475755230be2f931c845a8ba2ebf1eb141fa19205ccf9fe8"
      },
      {
         "name": 291,
         "hash": "ce61a82163bfccf328a85e5fbd9102d8b7a259aa75269ab7cbcea95f9c38e9f0"
      },
      {
         "name": 292,
         "hash": "effb85afad76eb063562272dbda74083db034b398daa43cd0e3189802f590976"
      },
      {
         "name": 293,
         "hash": "651b9fee1a35721587afb5982e4a4fda39db82f5e7bfe042b8933ec8cb08417a"
      },
      {
         "name": 294,
         "hash": "2236531baf0ecb9e698f3539bae783a6c2473b1d9e81fb433a2021bfe741779f"
      },
      {
         "name": 295,
         "hash": "16fe2aa43fc55021d255a99e49e5c8e94292ccfd250f3fc72884f64d9676130f"
      },
      {
         "name": 296,
         "hash": "8f961d714b250c0279b20f0062827b89ae78dfda69abe15397d97b960ff1ac0b"
      },
      {
         "name": 297,
         "hash": "a9651c21911d60ba5dc64ccb00fef19942583f13e6a32dd31710f001b86a3708"
      },
      {
         "name": 298,
         "hash": "74543985841b8316c321143fb560cb6b4f7bd49149b5fbd29df303ab4a564323"
      },
      {
         "name": 299,
         "hash": "b3e75af60273838ddbbd7a9cc631f676e9550c23dde310248fef854ee54ef6db"
      },
      {
         "name": 300,
         "hash": "d61c76b8515e4b7083962fe1e85d83f74a06381dd0ea455febb8fd3a07df631d"
      }
   ],
   "provenance": "1d17ced3425be4083299b0d53b4c275737e28244e7dff018d5691c5b5adbd04f"
}